MgP,MgP.Engineered,MgP.Engineered.Mgh,MgP.Engineered.Mgh.EP
MgP,MgP.Engineered,MgP.Engineered.Mgh,MgP.Engineered.Mgh.EP
MgP,MgP.Engineered,MgP.Engineered.Mgh,MgP.Engineered.Mgh.EP
MgP,MgP.Engineered,MgP.Engineered.Mgh,MgP.Engineered.Mgh.EP
MgP,MgP.Engineered,MgP.Engineered.Mgh,MgP.Engineered.Mgh.EP
MgP,MgP.Engineered,MgP.Engineered.Mgh,MgP.Engineered.Mgh.EP
MgP,MgP.Engineered,MgP.Engineered.Mgh,MgP.Engineered.Mgh.EP
MgP,MgP.Engineered,MgP.Engineered.Mgh,MgP.Engineered.Mgh.EP
MgP,MgP.Engineered,MgP.Engineered.Mgh,MgP.Engineered.Mgh.EP
MgP,MgP.Engineered,MgP.Engineered.Mgh,MgP.Engineered.Mgh.EP
MgP,MgP.Engineered,MgP.Engineered.Mag,MgP.Engineered.Mag.EP
MgP,MgP.Engineered,MgP.Engineered.Mag,MgP.Engineered.Mag.EP
MgP,MgP.Engineered,MgP.Engineered.Mag,MgP.Engineered.Mag.EP
MgP,MgP.Engineered,MgP.Engineered.Mag,MgP.Engineered.Mag.EP
MgP,MgP.Engineered,MgP.Engineered.Mag,MgP.Engineered.Mag.EP
MgP,MgP.Engineered,MgP.Engineered.Mag,MgP.Engineered.Mag.EP
MgP,MgP.Engineered,MgP.Engineered.Mag,MgP.Engineered.Mag.EP
MgP,MgP.Engineered,MgP.Engineered.Mag,MgP.Engineered.Mag.EP
MgP,MgP.Engineered,MgP.Engineered.Mag,MgP.Engineered.Mag.EP
MgP,MgP.Engineered,MgP.Engineered.Mag,MgP.Engineered.Mag.EP
MgP,MgP.Engineered,MgP.Engineered.Mag,MgP.Engineered.Mag.EP
MgP,MgP.Engineered,MgP.Engineered.Mag,MgP.Engineered.Mag.EP
MgP,MgP.Engineered,MgP.Engineered.Mag,MgP.Engineered.Mag.EP
MgP,MgP.Engineered,MgP.Engineered.Mag,MgP.Engineered.Mag.EP
MgP,MgP.Engineered,MgP.Engineered.Mag,MgP.Engineered.Mag.EP
MgP,MgP.Engineered,MgP.Engineered.Mag,MgP.Engineered.Mag.EP
MgP,MgP.Engineered,MgP.Engineered.Mag,MgP.Engineered.Mag.EP
MgP,MgP.Engineered,MgP.Engineered.Mag,MgP.Engineered.Mag.EP
MgP,MgP.Engineered,MgP.Engineered.Mag,MgP.Engineered.Mag.EP
MgP,MgP.Engineered,MgP.Engineered.Mag,MgP.Engineered.Mag.EP
MgP,MgP.Engineered,MgP.Engineered.Mag,MgP.Engineered.Mag.EP
MgP,MgP.Engineered,MgP.Engineered.Mag,MgP.Engineered.Mag.EP
MgP,MgP.Engineered,MgP.Engineered.Mgh,MgP.Engineered.Mgh.ES
MgP,MgP.Engineered,MgP.Engineered.Mgh,MgP.Engineered.Mgh.ES
MgP,MgP.Engineered,MgP.Engineered.Mgh,MgP.Engineered.Mgh.ES
MgP,MgP.Engineered,MgP.Engineered.Mgh,MgP.Engineered.Mgh.ES
MgP,MgP.Engineered,MgP.Engineered.Mgh,MgP.Engineered.Mgh.ES
MgP,MgP.Engineered,MgP.Engineered.Mgh,MgP.Engineered.Mgh.ES
MgP,MgP.Engineered,MgP.Engineered.Mgh,MgP.Engineered.Mgh.ES
MgP,MgP.Engineered,MgP.Engineered.Mgh,MgP.Engineered.Mgh.ES
MgP,MgP.Engineered,MgP.Engineered.Mgh,MgP.Engineered.Mgh.ES
MgP,MgP.Engineered,MgP.Engineered.Mgh,MgP.Engineered.Mgh.ES
MgP,MgP.Engineered,MgP.Engineered.Mgh,MgP.Engineered.Mgh.ES
MgP,MgP.Engineered,MgP.Engineered.Mgh,MgP.Engineered.Mgh.ES
MgP,MgP.Engineered,MgP.Engineered.Mgh,MgP.Engineered.Mgh.ES
MgP,MgP.Engineered,MgP.Engineered.Mgh,MgP.Engineered.Mgh.ES
MgP,MgP.Engineered,MgP.Engineered.Mgh,MgP.Engineered.Mgh.ES
MgP,MgP.Engineered,MgP.Engineered.Mgh,MgP.Engineered.Mgh.ES
MgP,MgP.Engineered,MgP.Engineered.Mag,MgP.Engineered.Mag.ES
MgP,MgP.Engineered,MgP.Engineered.Mag,MgP.Engineered.Mag.ES
MgP,MgP.Engineered,MgP.Engineered.Mag,MgP.Engineered.Mag.ES
MgP,MgP.Engineered,MgP.Engineered.Mag,MgP.Engineered.Mag.ES
MgP,MgP.Engineered,MgP.Engineered.Mag,MgP.Engineered.Mag.ES
MgP,MgP.Engineered,MgP.Engineered.Mag,MgP.Engineered.Mag.ES
MgP,MgP.Engineered,MgP.Engineered.Mag,MgP.Engineered.Mag.ES
MgP,MgP.Engineered,MgP.Engineered.Mag,MgP.Engineered.Mag.ES
MgP,MgP.Engineered,MgP.Engineered.Mag,MgP.Engineered.Mag.ES
MgP,MgP.Engineered,MgP.Engineered.Mag,MgP.Engineered.Mag.ES
MgP,MgP.Engineered,MgP.Engineered.Mag,MgP.Engineered.Mag.ES
MgP,MgP.Engineered,MgP.Engineered.Mag,MgP.Engineered.Mag.ES
MgP,MgP.Engineered,MgP.Engineered.Mag,MgP.Engineered.Mag.ES
MgP,MgP.Engineered,MgP.Engineered.Mag,MgP.Engineered.Mag.ES
MgP,MgP.Engineered,MgP.Engineered.Mag,MgP.Engineered.Mag.ES
MgP,MgP.Engineered,MgP.Engineered.Mag,MgP.Engineered.Mag.ES
MgP,MgP.Engineered,MgP.Engineered.Mag,MgP.Engineered.Mag.ES
MgP,MgP.Engineered,MgP.Engineered.Mag,MgP.Engineered.Mag.ES
MgP,MgP.Engineered,MgP.Engineered.Mag,MgP.Engineered.Mag.ES
MgP,MgP.Engineered,MgP.Engineered.Mag,MgP.Engineered.Mag.ES
MgP,MgP.Engineered,MgP.Engineered.Mag,MgP.Engineered.Mag.ES
MgP,MgP.Engineered,MgP.Engineered.Mag,MgP.Engineered.Mag.EA
MgP,MgP.Engineered,MgP.Engineered.Mag,MgP.Engineered.Mag.EA
MgP,MgP.Engineered,MgP.Engineered.Mag,MgP.Engineered.Mag.EA
MgP,MgP.Engineered,MgP.Engineered.Mag,MgP.Engineered.Mag.EA
MgP,MgP.Engineered,MgP.Engineered.Mag,MgP.Engineered.Mag.EA
MgP,MgP.Engineered,MgP.Engineered.Mag,MgP.Engineered.Mag.EA
MgP,MgP.Engineered,MgP.Engineered.Mag,MgP.Engineered.Mag.EA
MgP,MgP.Engineered,MgP.Engineered.Mag,MgP.Engineered.Mag.EA
MgP,MgP.Engineered,MgP.Engineered.Mag,MgP.Engineered.Mag.EA
MgP,MgP.Engineered,MgP.Engineered.Mag,MgP.Engineered.Mag.EA
MgP,MgP.Natural
MgP,MgP.Natural
MgP,MgP.Natural
MgP,MgP.Natural
MgP,MgP.Natural
MgP,MgP.Natural
MgP,MgP.Natural
MgP,MgP.Natural
MgP,MgP.Natural
MgP,MgP.Natural
MgP,MgP.Natural
MgP,MgP.Natural
MgP,MgP.Natural
MgP,MgP.Natural
MgP,MgP.Natural
MgP,MgP.Incidental
MgP,MgP.Incidental
MgP,MgP.Incidental
MgP,MgP.Incidental
MgP,MgP.Incidental
MgP,MgP.Incidental
MgP,MgP.Incidental
MgP,MgP.Incidental
MgP,MgP.Incidental
MgP,MgP.Incidental
MgP,MgP.Incidental
